pid: 14576; ppid: 6901;
pid: 14576; ppid: 6901;
pid: 14576; ppid: 6901;
pid: 14576; ppid: 6901;
pid: 14576; ppid: 6901;
pid: 14576; ppid: 6901;
pid: 14576; ppid: 6901;
pid: 14576; ppid: 6901;
pid: 14576; ppid: 6901;
pid: 14576; ppid: 6901;
pid: 14576; ppid: 6901;
pid: 14576; ppid: 6901;
pid: 14576; ppid: 6901;
pid: 14576; ppid: 6901;
pid: 14576; ppid: 6901;
pid: 14576; ppid: 6901;
pid: 14576; ppid: 6901;
pid: 14576; ppid: 6901;
pid: 14576; ppid: 6901;
pid: 14576; ppid: 6901;
pid: 14576; ppid: 6901;
pid: 14576; ppid: 6901;
pid: 14576; ppid: 6901;
pid: 14576; ppid: 6901;
pid: 14576; ppid: 6901;
pid: 14576; ppid: 6901;
pid: 14576; ppid: 6901;
pid: 14576; ppid: 6901;
pid: 14576; ppid: 6901;
pid: 14576; ppid: 6901;
pid: 14576; ppid: 6901;
pid: 14576; ppid: 6901;
pid: 14576; ppid: 6901;
pid: 14576; ppid: 6901;
pid: 14576; ppid: 6901;
pid: 14576; ppid: 6901;
pid: 14576; ppid: 6901;
pid: 14576; ppid: 6901;
pid: 14576; ppid: 6901;
pid: 14576; ppid: 6901;
pid: 14576; ppid: 6901;
pid: 14576; ppid: 6901;
pid: 14576; ppid: 6901;
pid: 14577; ppid: 14576;
pid: 14577; ppid: 14576;
pid: 14577; ppid: 14576;
pid: 14577; ppid: 14576;
pid: 14577; ppid: 14576;
pid: 14577; ppid: 14576;
pid: 14577; ppid: 14576;
pid: 14577; ppid: 14576;
pid: 14577; ppid: 14576;
pid: 14577; ppid: 14576;
pid: 14577; ppid: 14576;
pid: 14577; ppid: 14576;
pid: 14577; ppid: 14576;
pid: 14577; ppid: 14576;
pid: 14577; ppid: 14576;
pid: 14577; ppid: 14576;
pid: 14577; ppid: 14576;
pid: 14577; ppid: 14576;
pid: 14577; ppid: 14576;
pid: 14577; ppid: 14576;
pid: 14577; ppid: 14576;
pid: 14577; ppid: 14576;
pid: 14577; ppid: 14576;
pid: 14577; ppid: 14576;
pid: 14577; ppid: 14576;
pid: 14577; ppid: 14576;
pid: 14577; ppid: 14576;
pid: 14577; ppid: 14576;
pid: 14577; ppid: 14576;
pid: 14577; ppid: 14576;
pid: 14577; ppid: 14576;
pid: 14577; ppid: 14576;
pid: 14577; ppid: 14576;
pid: 14577; ppid: 14576;
pid: 14577; ppid: 14576;
pid: 14577; ppid: 14576;
pid: 14577; ppid: 14576;
pid: 14577; ppid: 14576;
pid: 14577; ppid: 14576;
pid: 14577; ppid: 14576;
pid: 14577; ppid: 14576;
pid: 14577; ppid: 14576;
pid: 14577; ppid: 14576;
pid: 14577; ppid: 14576;
pid: 14576; ppid: 6901;
pid: 14577; ppid: 14576;
pid: 14577; ppid: 14576;
pid: 14577; ppid: 14576;
pid: 14576; ppid: 6901;
pid: 14577; ppid: 14576;
pid: 14576; ppid: 6901;
pid: 14577; ppid: 14576;
pid: 14576; ppid: 6901;
pid: 14577; ppid: 14576;
pid: 14576; ppid: 6901;
pid: 14577; ppid: 14576;
pid: 14576; ppid: 6901;
pid: 14577; ppid: 14576;
pid: 14576; ppid: 6901;
pid: 14577; ppid: 14576;
pid: 14576; ppid: 6901;
pid: 14577; ppid: 14576;
pid: 14576; ppid: 6901;
pid: 14577; ppid: 14576;
pid: 14576; ppid: 6901;
pid: 14577; ppid: 14576;
pid: 14576; ppid: 6901;
pid: 14577; ppid: 14576;
pid: 14576; ppid: 6901;
pid: 14577; ppid: 14576;
pid: 14576; ppid: 6901;
pid: 14577; ppid: 14576;
pid: 14576; ppid: 6901;
pid: 14577; ppid: 14576;
pid: 14576; ppid: 6901;
pid: 14577; ppid: 14576;
pid: 14576; ppid: 6901;
pid: 14577; ppid: 14576;
pid: 14576; ppid: 6901;
pid: 14577; ppid: 14576;
pid: 14576; ppid: 6901;
pid: 14578; ppid: 14577;
pid: 14577; ppid: 14576;
pid: 14576; ppid: 6901;
pid: 14577; ppid: 14576;
pid: 14578; ppid: 14577;
pid: 14576; ppid: 6901;
pid: 14577; ppid: 14576;
pid: 14578; ppid: 14577;
pid: 14576; ppid: 6901;
pid: 14577; ppid: 14576;
pid: 14578; ppid: 14577;
pid: 14576; ppid: 6901;
pid: 14577; ppid: 14576;
pid: 14578; ppid: 14577;
pid: 14576; ppid: 6901;
pid: 14577; ppid: 14576;
pid: 14578; ppid: 14577;
pid: 14576; ppid: 6901;
pid: 14577; ppid: 14576;
pid: 14578; ppid: 14577;
pid: 14576; ppid: 6901;
pid: 14577; ppid: 14576;
pid: 14578; ppid: 14577;
pid: 14576; ppid: 6901;
pid: 14577; ppid: 14576;
pid: 14578; ppid: 14577;
pid: 14576; ppid: 6901;
pid: 14577; ppid: 14576;
pid: 14578; ppid: 14577;
pid: 14576; ppid: 6901;
pid: 14577; ppid: 14576;
pid: 14578; ppid: 14577;
pid: 14576; ppid: 6901;
pid: 14577; ppid: 14576;
pid: 14578; ppid: 14577;
pid: 14576; ppid: 6901;
pid: 14577; ppid: 14576;
pid: 14578; ppid: 14577;
pid: 14576; ppid: 6901;
pid: 14577; ppid: 14576;
pid: 14578; ppid: 14577;
pid: 14576; ppid: 6901;
pid: 14577; ppid: 14576;
pid: 14578; ppid: 14577;
pid: 14576; ppid: 6901;
pid: 14578; ppid: 14577;
pid: 14577; ppid: 14576;
pid: 14576; ppid: 6901;
pid: 14578; ppid: 14577;
pid: 14577; ppid: 14576;
pid: 14576; ppid: 6901;
pid: 14578; ppid: 14577;
pid: 14577; ppid: 14576;
pid: 14576; ppid: 6901;
pid: 14578; ppid: 14577;
pid: 14577; ppid: 14576;
pid: 14576; ppid: 6901;
pid: 14578; ppid: 14577;
pid: 14577; ppid: 14576;
pid: 14576; ppid: 6901;
pid: 14578; ppid: 14577;
pid: 14577; ppid: 14576;
pid: 14576; ppid: 6901;
pid: 14578; ppid: 14577;
pid: 14577; ppid: 14576;
pid: 14576; ppid: 6901;
pid: 14578; ppid: 14577;
pid: 14577; ppid: 14576;
pid: 14576; ppid: 6901;
pid: 14578; ppid: 14577;
pid: 14577; ppid: 14576;
pid: 14576; ppid: 6901;
pid: 14578; ppid: 14577;
pid: 14577; ppid: 14576;
pid: 14576; ppid: 6901;
pid: 14578; ppid: 14577;
pid: 14577; ppid: 14576;
pid: 14576; ppid: 6901;
pid: 14578; ppid: 14577;
pid: 14577; ppid: 14576;
pid: 14576; ppid: 6901;
pid: 14578; ppid: 14577;
pid: 14577; ppid: 14576;
pid: 14576; ppid: 6901;
pid: 14578; ppid: 14577;
pid: 14577; ppid: 14576;
pid: 14576; ppid: 6901;
pid: 14578; ppid: 14577;
pid: 14577; ppid: 14576;
pid: 14576; ppid: 6901;
pid: 14578; ppid: 14577;
pid: 14577; ppid: 14576;
pid: 14576; ppid: 6901;
pid: 14578; ppid: 14577;
pid: 14577; ppid: 14576;
pid: 14576; ppid: 6901;
pid: 14578; ppid: 14577;
pid: 14577; ppid: 14576;
pid: 14576; ppid: 6901;
pid: 14578; ppid: 14577;
pid: 14577; ppid: 14576;
pid: 14576; ppid: 6901;
pid: 14578; ppid: 14577;
pid: 14577; ppid: 14576;
pid: 14576; ppid: 6901;
pid: 14578; ppid: 14577;
pid: 14577; ppid: 14576;
pid: 14576; ppid: 6901;
pid: 14578; ppid: 14577;
pid: 14576; ppid: 6901;
pid: 14577; ppid: 14576;
pid: 14576; ppid: 6901;
pid: 14578; ppid: 14577;
pid: 14576; ppid: 6901;
pid: 14578; ppid: 14577;
pid: 14578; ppid: 14577;
pid: 14578; ppid: 14577;
pid: 14578; ppid: 14577;
pid: 14578; ppid: 14577;
pid: 14578; ppid: 14577;
pid: 14578; ppid: 14577;
pid: 14578; ppid: 14577;
pid: 14578; ppid: 14577;
pid: 14578; ppid: 14577;
pid: 14578; ppid: 14577;
pid: 14578; ppid: 14577;
pid: 14578; ppid: 14577;
pid: 14578; ppid: 14577;
pid: 14578; ppid: 14577;
pid: 14578; ppid: 14577;
pid: 14578; ppid: 14577;
pid: 14578; ppid: 14577;
pid: 14578; ppid: 14577;
pid: 14578; ppid: 14577;
pid: 14578; ppid: 14577;
pid: 14578; ppid: 14577;
pid: 14578; ppid: 14577;
pid: 14578; ppid: 14577;
pid: 14578; ppid: 14577;
pid: 14578; ppid: 14577;
pid: 14578; ppid: 14577;
pid: 14578; ppid: 14577;
pid: 14578; ppid: 14577;
pid: 14578; ppid: 14577;
pid: 14578; ppid: 14577;
pid: 14578; ppid: 14577;
pid: 14578; ppid: 14577;
pid: 14578; ppid: 14577;
pid: 14578; ppid: 14577;
pid: 14578; ppid: 14577;
pid: 14578; ppid: 14577;
pid: 14578; ppid: 14577;
pid: 14579; ppid: 14578;
pid: 14578; ppid: 14577;
pid: 14578; ppid: 14577;
pid: 14579; ppid: 14578;
pid: 14578; ppid: 14577;
pid: 14579; ppid: 14578;
pid: 14578; ppid: 14577;
pid: 14579; ppid: 14578;
pid: 14578; ppid: 14577;
pid: 14579; ppid: 14578;
pid: 14578; ppid: 14577;
pid: 14579; ppid: 14578;
pid: 14578; ppid: 14577;
pid: 14579; ppid: 14578;
pid: 14578; ppid: 14577;
pid: 14579; ppid: 14578;
pid: 14578; ppid: 14577;
pid: 14579; ppid: 14578;
pid: 14578; ppid: 14577;
pid: 14579; ppid: 14578;
pid: 14578; ppid: 14577;
pid: 14579; ppid: 14578;
pid: 14578; ppid: 14577;
pid: 14579; ppid: 14578;
pid: 14578; ppid: 14577;
pid: 14579; ppid: 14578;
pid: 14578; ppid: 14577;
pid: 14579; ppid: 14578;
pid: 14578; ppid: 14577;
pid: 14579; ppid: 14578;
pid: 14578; ppid: 14577;
pid: 14579; ppid: 14578;
pid: 14578; ppid: 14577;
pid: 14579; ppid: 14578;
pid: 14578; ppid: 14577;
pid: 14579; ppid: 14578;
pid: 14578; ppid: 14577;
pid: 14579; ppid: 14578;
pid: 14578; ppid: 14577;
pid: 14579; ppid: 14578;
pid: 14578; ppid: 14577;
pid: 14579; ppid: 14578;
pid: 14578; ppid: 14577;
pid: 14579; ppid: 14578;
pid: 14578; ppid: 14577;
pid: 14579; ppid: 14578;
pid: 14578; ppid: 14577;
pid: 14579; ppid: 14578;
pid: 14579; ppid: 14578;
pid: 14579; ppid: 14578;
pid: 14579; ppid: 14578;
pid: 14579; ppid: 14578;
pid: 14579; ppid: 14578;
pid: 14579; ppid: 14578;
pid: 14579; ppid: 14578;
pid: 14579; ppid: 14578;
pid: 14579; ppid: 14578;
pid: 14579; ppid: 14578;
pid: 14579; ppid: 14578;
pid: 14579; ppid: 14578;
pid: 14579; ppid: 14578;
pid: 14579; ppid: 14578;
pid: 14579; ppid: 14578;
pid: 14579; ppid: 14578;
pid: 14579; ppid: 14578;
pid: 14579; ppid: 14578;
pid: 14579; ppid: 14578;
pid: 14579; ppid: 14578;
pid: 14579; ppid: 14578;
pid: 14579; ppid: 14578;
pid: 14579; ppid: 14578;
pid: 14579; ppid: 14578;
pid: 14579; ppid: 14578;
pid: 14579; ppid: 14578;
pid: 14579; ppid: 14578;
pid: 14579; ppid: 14578;
pid: 14579; ppid: 14578;
pid: 14579; ppid: 14578;
pid: 14579; ppid: 14578;
pid: 14579; ppid: 14578;
pid: 14579; ppid: 14578;
pid: 14579; ppid: 14578;
pid: 14579; ppid: 14578;
pid: 14579; ppid: 14578;
pid: 14579; ppid: 14578;
pid: 14579; ppid: 14578;
pid: 14579; ppid: 14578;
pid: 14579; ppid: 14578;
pid: 14579; ppid: 14578;
pid: 14579; ppid: 14578;
pid: 14579; ppid: 14578;
pid: 14579; ppid: 14578;
pid: 14579; ppid: 14578;
pid: 14579; ppid: 14578;
pid: 14579; ppid: 14578;
pid: 14579; ppid: 14578;
pid: 14579; ppid: 14578;
pid: 14579; ppid: 14578;
pid: 14579; ppid: 14578;
pid: 14579; ppid: 14578;
pid: 14579; ppid: 14578;
pid: 14579; ppid: 14578;
pid: 14579; ppid: 14578;
pid: 14579; ppid: 14578;
pid: 14579; ppid: 14578;
pid: 14579; ppid: 14578;
pid: 14579; ppid: 14578;
pid: 14579; ppid: 14578;
pid: 14579; ppid: 14578;
pid: 14579; ppid: 14578;
pid: 14579; ppid: 14578;
pid: 14579; ppid: 14578;
pid: 14579; ppid: 14578;
pid: 14579; ppid: 14578;
pid: 14579; ppid: 14578;
pid: 14579; ppid: 14578;
pid: 14579; ppid: 14578;
pid: 14579; ppid: 14578;
pid: 14579; ppid: 14578;
pid: 14579; ppid: 14578;
pid: 14579; ppid: 14578;
pid: 14579; ppid: 14578;
pid: 14579; ppid: 14578;
pid: 14579; ppid: 14578;
pid: 14580; ppid: 14579;
pid: 14580; ppid: 14579;
pid: 14580; ppid: 14579;
pid: 14580; ppid: 14579;
pid: 14580; ppid: 14579;
pid: 14580; ppid: 14579;
pid: 14580; ppid: 14579;
pid: 14580; ppid: 14579;
pid: 14580; ppid: 14579;
pid: 14580; ppid: 14579;
pid: 14580; ppid: 14579;
pid: 14580; ppid: 14579;
pid: 14580; ppid: 14579;
pid: 14580; ppid: 14579;
pid: 14580; ppid: 14579;
pid: 14580; ppid: 14579;
pid: 14580; ppid: 14579;
pid: 14580; ppid: 14579;
pid: 14580; ppid: 14579;
pid: 14580; ppid: 14579;
pid: 14580; ppid: 14579;
pid: 14580; ppid: 14579;
pid: 14580; ppid: 14579;
pid: 14580; ppid: 14579;
pid: 14580; ppid: 14579;
pid: 14580; ppid: 14579;
pid: 14580; ppid: 14579;
pid: 14580; ppid: 14579;
pid: 14580; ppid: 14579;
pid: 14580; ppid: 14579;
pid: 14580; ppid: 14579;
pid: 14580; ppid: 14579;
pid: 14580; ppid: 14579;
pid: 14580; ppid: 14579;
pid: 14580; ppid: 14579;
pid: 14580; ppid: 14579;
pid: 14580; ppid: 14579;
pid: 14580; ppid: 14579;
pid: 14580; ppid: 14579;
pid: 14580; ppid: 14579;
pid: 14580; ppid: 14579;
pid: 14580; ppid: 14579;
pid: 14580; ppid: 14579;
pid: 14580; ppid: 14579;
pid: 14580; ppid: 14579;
pid: 14580; ppid: 14579;
pid: 14580; ppid: 14579;
pid: 14580; ppid: 14579;
pid: 14581; ppid: 14580;
pid: 14580; ppid: 14579;
pid: 14581; ppid: 14580;
pid: 14580; ppid: 14579;
pid: 14581; ppid: 14580;
pid: 14580; ppid: 14579;
pid: 14581; ppid: 14580;
pid: 14580; ppid: 14579;
pid: 14581; ppid: 14580;
pid: 14580; ppid: 14579;
pid: 14581; ppid: 14580;
pid: 14580; ppid: 14579;
pid: 14581; ppid: 14580;
pid: 14580; ppid: 14579;
pid: 14581; ppid: 14580;
pid: 14580; ppid: 14579;
pid: 14581; ppid: 14580;
pid: 14580; ppid: 14579;
pid: 14581; ppid: 14580;
pid: 14580; ppid: 14579;
pid: 14581; ppid: 14580;
pid: 14580; ppid: 14579;
pid: 14581; ppid: 14580;
pid: 14580; ppid: 14579;
pid: 14581; ppid: 14580;
pid: 14580; ppid: 14579;
pid: 14581; ppid: 14580;
pid: 14580; ppid: 14579;
pid: 14581; ppid: 14580;
pid: 14580; ppid: 14579;
pid: 14581; ppid: 14580;
pid: 14580; ppid: 14579;
pid: 14581; ppid: 14580;
pid: 14580; ppid: 14579;
pid: 14581; ppid: 14580;
pid: 14580; ppid: 14579;
pid: 14581; ppid: 14580;
pid: 14580; ppid: 14579;
pid: 14581; ppid: 14580;
pid: 14580; ppid: 14579;
pid: 14581; ppid: 14580;
pid: 14580; ppid: 14579;
pid: 14581; ppid: 14580;
pid: 14580; ppid: 14579;
pid: 14581; ppid: 14580;
pid: 14580; ppid: 14579;
pid: 14581; ppid: 14580;
pid: 14580; ppid: 14579;
pid: 14581; ppid: 14580;
pid: 14580; ppid: 14579;
pid: 14581; ppid: 14580;
pid: 14580; ppid: 14579;
pid: 14581; ppid: 14580;
pid: 14580; ppid: 14579;
pid: 14581; ppid: 14580;
pid: 14580; ppid: 14579;
pid: 14581; ppid: 14580;
pid: 14580; ppid: 14579;
pid: 14581; ppid: 14580;
pid: 14580; ppid: 14579;
pid: 14581; ppid: 14580;
pid: 14580; ppid: 14579;
pid: 14581; ppid: 14580;
pid: 14580; ppid: 14579;
pid: 14581; ppid: 14580;
pid: 14580; ppid: 14579;
pid: 14581; ppid: 14580;
pid: 14580; ppid: 14579;
pid: 14581; ppid: 14580;
pid: 14580; ppid: 14579;
pid: 14581; ppid: 14580;
pid: 14580; ppid: 14579;
pid: 14581; ppid: 14580;
pid: 14580; ppid: 14579;
pid: 14581; ppid: 14580;
pid: 14580; ppid: 14579;
pid: 14581; ppid: 14580;
pid: 14580; ppid: 14579;
pid: 14581; ppid: 14580;
pid: 14580; ppid: 14579;
pid: 14581; ppid: 14580;
pid: 14580; ppid: 14579;
pid: 14581; ppid: 14580;
pid: 14580; ppid: 14579;
pid: 14581; ppid: 14580;
pid: 14580; ppid: 14579;
pid: 14581; ppid: 14580;
pid: 14580; ppid: 14579;
pid: 14581; ppid: 14580;
pid: 14580; ppid: 14579;
pid: 14581; ppid: 14580;
pid: 14580; ppid: 14579;
pid: 14581; ppid: 14580;
pid: 14580; ppid: 14579;
pid: 14581; ppid: 14580;
pid: 14580; ppid: 14579;
pid: 14581; ppid: 14580;
pid: 14580; ppid: 14579;
pid: 14581; ppid: 14580;
pid: 14580; ppid: 14579;
pid: 14581; ppid: 14580;
pid: 14580; ppid: 14579;
pid: 14581; ppid: 14580;
pid: 14580; ppid: 14579;
pid: 14581; ppid: 14580;
pid: 14581; ppid: 14580;
pid: 14581; ppid: 14580;
pid: 14581; ppid: 14580;
pid: 14581; ppid: 14580;
pid: 14581; ppid: 14580;
pid: 14581; ppid: 14580;
pid: 14581; ppid: 14580;
pid: 14581; ppid: 14580;
pid: 14581; ppid: 14580;
pid: 14581; ppid: 14580;
pid: 14581; ppid: 14580;
pid: 14581; ppid: 14580;
pid: 14581; ppid: 14580;
pid: 14581; ppid: 14580;
pid: 14581; ppid: 14580;
pid: 14581; ppid: 14580;
pid: 14581; ppid: 14580;
pid: 14581; ppid: 14580;
pid: 14581; ppid: 14580;
pid: 14581; ppid: 14580;
pid: 14581; ppid: 14580;
pid: 14581; ppid: 14580;
pid: 14581; ppid: 14580;
pid: 14581; ppid: 14580;
pid: 14581; ppid: 14580;
pid: 14581; ppid: 14580;
pid: 14581; ppid: 14580;
pid: 14581; ppid: 14580;
pid: 14581; ppid: 14580;
pid: 14581; ppid: 14580;
pid: 14581; ppid: 14580;
pid: 14581; ppid: 14580;
pid: 14581; ppid: 14580;
pid: 14581; ppid: 14580;
pid: 14581; ppid: 14580;
pid: 14581; ppid: 14580;
pid: 14581; ppid: 14580;
pid: 14581; ppid: 14580;
pid: 14582; ppid: 14581;
pid: 14581; ppid: 14580;
pid: 14581; ppid: 14580;
pid: 14582; ppid: 14581;
pid: 14581; ppid: 14580;
pid: 14582; ppid: 14581;
pid: 14581; ppid: 14580;
pid: 14582; ppid: 14581;
pid: 14581; ppid: 14580;
pid: 14582; ppid: 14581;
pid: 14581; ppid: 14580;
pid: 14582; ppid: 14581;
pid: 14581; ppid: 14580;
pid: 14582; ppid: 14581;
pid: 14581; ppid: 14580;
pid: 14582; ppid: 14581;
pid: 14581; ppid: 14580;
pid: 14582; ppid: 14581;
pid: 14582; ppid: 14581;
pid: 14582; ppid: 14581;
pid: 14582; ppid: 14581;
pid: 14582; ppid: 14581;
pid: 14582; ppid: 14581;
pid: 14582; ppid: 14581;
pid: 14582; ppid: 14581;
pid: 14582; ppid: 14581;
pid: 14582; ppid: 14581;
pid: 14582; ppid: 14581;
pid: 14582; ppid: 14581;
pid: 14582; ppid: 14581;
pid: 14582; ppid: 14581;
pid: 14582; ppid: 14581;
pid: 14582; ppid: 14581;
pid: 14582; ppid: 14581;
pid: 14582; ppid: 14581;
pid: 14582; ppid: 14581;
pid: 14582; ppid: 14581;
pid: 14582; ppid: 14581;
pid: 14582; ppid: 14581;
pid: 14582; ppid: 14581;
pid: 14582; ppid: 14581;
pid: 14582; ppid: 14581;
pid: 14582; ppid: 14581;
pid: 14582; ppid: 14581;
pid: 14582; ppid: 14581;
pid: 14582; ppid: 14581;
pid: 14582; ppid: 14581;
pid: 14582; ppid: 14581;
pid: 14582; ppid: 14581;
pid: 14582; ppid: 14581;
pid: 14582; ppid: 14581;
pid: 14582; ppid: 14581;
pid: 14582; ppid: 14581;
pid: 14582; ppid: 14581;
pid: 14582; ppid: 14581;
pid: 14582; ppid: 14581;
pid: 14582; ppid: 14581;
pid: 14582; ppid: 14581;
pid: 14582; ppid: 14581;
pid: 14582; ppid: 14581;
pid: 14582; ppid: 14581;
pid: 14582; ppid: 14581;
pid: 14582; ppid: 14581;
pid: 14582; ppid: 14581;
pid: 14582; ppid: 14581;
pid: 14582; ppid: 14581;
pid: 14582; ppid: 14581;
pid: 14582; ppid: 14581;
pid: 14582; ppid: 14581;
pid: 14583; ppid: 14582;
pid: 14582; ppid: 14581;
pid: 14582; ppid: 14581;
pid: 14583; ppid: 14582;
pid: 14582; ppid: 14581;
pid: 14583; ppid: 14582;
pid: 14582; ppid: 14581;
pid: 14582; ppid: 14581;
pid: 14583; ppid: 14582;
pid: 14582; ppid: 14581;
pid: 14582; ppid: 14581;
pid: 14583; ppid: 14582;
pid: 14582; ppid: 14581;
pid: 14583; ppid: 14582;
pid: 14582; ppid: 14581;
pid: 14583; ppid: 14582;
pid: 14582; ppid: 14581;
pid: 14583; ppid: 14582;
pid: 14582; ppid: 14581;
pid: 14583; ppid: 14582;
pid: 14582; ppid: 14581;
pid: 14583; ppid: 14582;
pid: 14582; ppid: 14581;
pid: 14583; ppid: 14582;
pid: 14582; ppid: 14581;
pid: 14583; ppid: 14582;
pid: 14582; ppid: 14581;
pid: 14583; ppid: 14582;
pid: 14582; ppid: 14581;
pid: 14583; ppid: 14582;
pid: 14582; ppid: 14581;
pid: 14583; ppid: 14582;
pid: 14582; ppid: 14581;
pid: 14583; ppid: 14582;
pid: 14582; ppid: 14581;
pid: 14583; ppid: 14582;
pid: 14582; ppid: 14581;
pid: 14582; ppid: 14581;
pid: 14583; ppid: 14582;
pid: 14582; ppid: 14581;
pid: 14582; ppid: 14581;
pid: 14583; ppid: 14582;
pid: 14582; ppid: 14581;
pid: 14582; ppid: 14581;
pid: 14583; ppid: 14582;
pid: 14582; ppid: 14581;
pid: 14583; ppid: 14582;
pid: 14582; ppid: 14581;
pid: 14583; ppid: 14582;
pid: 14583; ppid: 14582;
pid: 14582; ppid: 14581;
pid: 14583; ppid: 14582;
pid: 14582; ppid: 14581;
pid: 14583; ppid: 14582;
pid: 14582; ppid: 14581;
pid: 14583; ppid: 14582;
pid: 14582; ppid: 14581;
pid: 14583; ppid: 14582;
pid: 14582; ppid: 14581;
pid: 14583; ppid: 14582;
pid: 14582; ppid: 14581;
pid: 14583; ppid: 14582;
pid: 14582; ppid: 14581;
pid: 14583; ppid: 14582;
pid: 14582; ppid: 14581;
pid: 14583; ppid: 14582;
pid: 14582; ppid: 14581;
pid: 14583; ppid: 14582;
pid: 14583; ppid: 14582;
pid: 14582; ppid: 14581;
pid: 14583; ppid: 14582;
pid: 14582; ppid: 14581;
pid: 14583; ppid: 14582;
pid: 14582; ppid: 14581;
pid: 14583; ppid: 14582;
pid: 14582; ppid: 14581;
pid: 14583; ppid: 14582;
pid: 14583; ppid: 14582;
pid: 14583; ppid: 14582;
pid: 14583; ppid: 14582;
pid: 14583; ppid: 14582;
pid: 14583; ppid: 14582;
pid: 14583; ppid: 14582;
pid: 14583; ppid: 14582;
pid: 14583; ppid: 14582;
pid: 14583; ppid: 14582;
pid: 14583; ppid: 14582;
pid: 14583; ppid: 14582;
pid: 14583; ppid: 14582;
pid: 14583; ppid: 14582;
pid: 14583; ppid: 14582;
pid: 14583; ppid: 14582;
pid: 14583; ppid: 14582;
pid: 14583; ppid: 14582;
pid: 14583; ppid: 14582;
pid: 14583; ppid: 14582;
pid: 14583; ppid: 14582;
pid: 14583; ppid: 14582;
pid: 14583; ppid: 14582;
pid: 14583; ppid: 14582;
pid: 14583; ppid: 14582;
pid: 14583; ppid: 14582;
pid: 14583; ppid: 14582;
pid: 14583; ppid: 14582;
pid: 14583; ppid: 14582;
pid: 14583; ppid: 14582;
pid: 14583; ppid: 14582;
pid: 14583; ppid: 14582;
pid: 14583; ppid: 14582;
pid: 14583; ppid: 14582;
pid: 14583; ppid: 14582;
pid: 14583; ppid: 14582;
pid: 14583; ppid: 14582;
pid: 14583; ppid: 14582;
pid: 14583; ppid: 14582;
pid: 14583; ppid: 14582;
pid: 14583; ppid: 14582;
pid: 14583; ppid: 14582;
pid: 14583; ppid: 14582;
pid: 14583; ppid: 14582;
pid: 14583; ppid: 14582;
pid: 14583; ppid: 14582;
pid: 14583; ppid: 14582;
pid: 14583; ppid: 14582;
pid: 14583; ppid: 14582;
pid: 14583; ppid: 14582;
pid: 14583; ppid: 14582;
pid: 14583; ppid: 14582;
pid: 14583; ppid: 14582;
pid: 14583; ppid: 14582;
pid: 14583; ppid: 14582;
pid: 14583; ppid: 14582;
pid: 14583; ppid: 14582;
pid: 14583; ppid: 14582;
pid: 14583; ppid: 14582;
pid: 14583; ppid: 14582;
pid: 14583; ppid: 14582;
pid: 14583; ppid: 14582;
pid: 14583; ppid: 14582;
pid: 14583; ppid: 14582;
pid: 14585; ppid: 14584;
pid: 14585; ppid: 14584;
pid: 14585; ppid: 14584;
pid: 14585; ppid: 14584;
pid: 14585; ppid: 14584;
pid: 14585; ppid: 14584;
pid: 14585; ppid: 14584;
pid: 14585; ppid: 14584;
pid: 14585; ppid: 14584;
pid: 14585; ppid: 14584;
pid: 14585; ppid: 14584;
pid: 14585; ppid: 14584;
pid: 14585; ppid: 14584;
pid: 14585; ppid: 14584;
pid: 14585; ppid: 14584;
pid: 14585; ppid: 14584;
pid: 14585; ppid: 14584;
pid: 14585; ppid: 14584;
pid: 14585; ppid: 14584;
pid: 14585; ppid: 14584;
pid: 14585; ppid: 14584;
pid: 14585; ppid: 14584;
pid: 14585; ppid: 14584;
pid: 14585; ppid: 14584;
pid: 14585; ppid: 14584;
pid: 14585; ppid: 14584;
pid: 14585; ppid: 14584;
pid: 14585; ppid: 14584;
pid: 14585; ppid: 14584;
pid: 14585; ppid: 14584;
pid: 14585; ppid: 14584;
pid: 14585; ppid: 14584;
pid: 14585; ppid: 14584;
pid: 14585; ppid: 14584;
pid: 14585; ppid: 14584;
pid: 14585; ppid: 14584;
pid: 14585; ppid: 14584;
pid: 14585; ppid: 14584;
pid: 14585; ppid: 14584;
pid: 14585; ppid: 14584;
pid: 14585; ppid: 14584;
pid: 14584; ppid: 14583;
pid: 14585; ppid: 14584;
pid: 14585; ppid: 14584;
pid: 14584; ppid: 14583;
pid: 14585; ppid: 14584;
pid: 14584; ppid: 14583;
pid: 14585; ppid: 14584;
pid: 14584; ppid: 14583;
pid: 14585; ppid: 14584;
pid: 14584; ppid: 14583;
pid: 14585; ppid: 14584;
pid: 14584; ppid: 14583;
pid: 14585; ppid: 14584;
pid: 14584; ppid: 14583;
pid: 14585; ppid: 14584;
pid: 14584; ppid: 14583;
pid: 14585; ppid: 14584;
pid: 14584; ppid: 14583;
pid: 14585; ppid: 14584;
pid: 14584; ppid: 14583;
pid: 14585; ppid: 14584;
pid: 14584; ppid: 14583;
pid: 14585; ppid: 14584;
pid: 14584; ppid: 14583;
pid: 14585; ppid: 14584;
pid: 14584; ppid: 14583;
pid: 14585; ppid: 14584;
pid: 14584; ppid: 14583;
pid: 14585; ppid: 14584;
pid: 14586; ppid: 14585;
pid: 14584; ppid: 14583;
pid: 14585; ppid: 14584;
pid: 14584; ppid: 14583;
pid: 14586; ppid: 14585;
pid: 14585; ppid: 14584;
pid: 14584; ppid: 14583;
pid: 14586; ppid: 14585;
pid: 14585; ppid: 14584;
pid: 14584; ppid: 14583;
pid: 14586; ppid: 14585;
pid: 14584; ppid: 14583;
pid: 14585; ppid: 14584;
pid: 14584; ppid: 14583;
pid: 14586; ppid: 14585;
pid: 14585; ppid: 14584;
pid: 14584; ppid: 14583;
pid: 14586; ppid: 14585;
pid: 14584; ppid: 14583;
pid: 14585; ppid: 14584;
pid: 14586; ppid: 14585;
pid: 14584; ppid: 14583;
pid: 14585; ppid: 14584;
pid: 14586; ppid: 14585;
pid: 14584; ppid: 14583;
pid: 14585; ppid: 14584;
pid: 14586; ppid: 14585;
pid: 14584; ppid: 14583;
pid: 14585; ppid: 14584;
pid: 14586; ppid: 14585;
pid: 14584; ppid: 14583;
pid: 14585; ppid: 14584;
pid: 14586; ppid: 14585;
pid: 14584; ppid: 14583;
pid: 14586; ppid: 14585;
pid: 14585; ppid: 14584;
pid: 14584; ppid: 14583;
pid: 14586; ppid: 14585;
pid: 14585; ppid: 14584;
pid: 14584; ppid: 14583;
pid: 14585; ppid: 14584;
pid: 14586; ppid: 14585;
pid: 14584; ppid: 14583;
pid: 14585; ppid: 14584;
pid: 14586; ppid: 14585;
pid: 14584; ppid: 14583;
pid: 14585; ppid: 14584;
pid: 14586; ppid: 14585;
pid: 14584; ppid: 14583;
pid: 14585; ppid: 14584;
pid: 14586; ppid: 14585;
pid: 14584; ppid: 14583;
pid: 14585; ppid: 14584;
pid: 14584; ppid: 14583;
pid: 14586; ppid: 14585;
pid: 14585; ppid: 14584;
pid: 14584; ppid: 14583;
pid: 14585; ppid: 14584;
pid: 14586; ppid: 14585;
pid: 14584; ppid: 14583;
pid: 14585; ppid: 14584;
pid: 14586; ppid: 14585;
pid: 14584; ppid: 14583;
pid: 14585; ppid: 14584;
pid: 14586; ppid: 14585;
pid: 14584; ppid: 14583;
pid: 14585; ppid: 14584;
pid: 14586; ppid: 14585;
pid: 14584; ppid: 14583;
pid: 14585; ppid: 14584;
pid: 14584; ppid: 14583;
pid: 14586; ppid: 14585;
pid: 14584; ppid: 14583;
pid: 14585; ppid: 14584;
pid: 14584; ppid: 14583;
pid: 14586; ppid: 14585;
pid: 14585; ppid: 14584;
pid: 14584; ppid: 14583;
pid: 14586; ppid: 14585;
pid: 14585; ppid: 14584;
pid: 14584; ppid: 14583;
pid: 14586; ppid: 14585;
pid: 14585; ppid: 14584;
pid: 14584; ppid: 14583;
pid: 14586; ppid: 14585;
pid: 14585; ppid: 14584;
pid: 14584; ppid: 14583;
pid: 14586; ppid: 14585;
pid: 14585; ppid: 14584;
pid: 14584; ppid: 14583;
pid: 14586; ppid: 14585;
pid: 14585; ppid: 14584;
pid: 14584; ppid: 14583;
pid: 14586; ppid: 14585;
pid: 14585; ppid: 14584;
pid: 14584; ppid: 14583;
pid: 14586; ppid: 14585;
pid: 14585; ppid: 14584;
pid: 14584; ppid: 14583;
pid: 14586; ppid: 14585;
pid: 14585; ppid: 14584;
pid: 14584; ppid: 14583;
pid: 14585; ppid: 14584;
pid: 14586; ppid: 14585;
pid: 14584; ppid: 14583;
pid: 14585; ppid: 14584;
pid: 14586; ppid: 14585;
pid: 14584; ppid: 14583;
pid: 14585; ppid: 14584;
pid: 14586; ppid: 14585;
pid: 14584; ppid: 14583;
pid: 14585; ppid: 14584;
pid: 14586; ppid: 14585;
pid: 14584; ppid: 14583;
pid: 14585; ppid: 14584;
pid: 14586; ppid: 14585;
pid: 14584; ppid: 14583;
pid: 14585; ppid: 14584;
pid: 14586; ppid: 14585;
pid: 14584; ppid: 14583;
pid: 14585; ppid: 14584;
pid: 14586; ppid: 14585;
pid: 14584; ppid: 14583;
pid: 14585; ppid: 14584;
pid: 14586; ppid: 14585;
pid: 14584; ppid: 14583;
pid: 14585; ppid: 14584;
pid: 14586; ppid: 14585;
pid: 14584; ppid: 14583;
pid: 14585; ppid: 14584;
pid: 14586; ppid: 14585;
pid: 14584; ppid: 14583;
pid: 14585; ppid: 14584;
pid: 14586; ppid: 14585;
pid: 14584; ppid: 14583;
pid: 14586; ppid: 14585;
pid: 14584; ppid: 14583;
pid: 14586; ppid: 14585;
pid: 14584; ppid: 14583;
pid: 14586; ppid: 14585;
pid: 14584; ppid: 14583;
pid: 14584; ppid: 14583;
pid: 14586; ppid: 14585;
pid: 14584; ppid: 14583;
pid: 14586; ppid: 14585;
pid: 14584; ppid: 14583;
pid: 14586; ppid: 14585;
pid: 14584; ppid: 14583;
pid: 14584; ppid: 14583;
pid: 14586; ppid: 14585;
pid: 14584; ppid: 14583;
pid: 14584; ppid: 14583;
pid: 14584; ppid: 14583;
pid: 14586; ppid: 14585;
pid: 14584; ppid: 14583;
pid: 14586; ppid: 14585;
pid: 14584; ppid: 14583;
pid: 14584; ppid: 14583;
pid: 14586; ppid: 14585;
pid: 14584; ppid: 14583;
pid: 14586; ppid: 14585;
pid: 14584; ppid: 14583;
pid: 14584; ppid: 14583;
pid: 14586; ppid: 14585;
pid: 14584; ppid: 14583;
pid: 14586; ppid: 14585;
pid: 14584; ppid: 14583;
pid: 14586; ppid: 14585;
pid: 14584; ppid: 14583;
pid: 14584; ppid: 14583;
pid: 14586; ppid: 14585;
pid: 14584; ppid: 14583;
pid: 14586; ppid: 14585;
pid: 14584; ppid: 14583;
pid: 14586; ppid: 14585;
pid: 14584; ppid: 14583;
pid: 14586; ppid: 14585;
pid: 14584; ppid: 14583;
pid: 14586; ppid: 14585;
pid: 14584; ppid: 14583;
pid: 14587; ppid: 14586;
pid: 14586; ppid: 14585;
pid: 14584; ppid: 14583;
pid: 14587; ppid: 14586;
pid: 14586; ppid: 14585;
pid: 14584; ppid: 14583;
pid: 14587; ppid: 14586;
pid: 14586; ppid: 14585;
pid: 14584; ppid: 14583;
pid: 14587; ppid: 14586;
pid: 14584; ppid: 14583;
pid: 14586; ppid: 14585;
pid: 14584; ppid: 14583;
pid: 14587; ppid: 14586;
pid: 14584; ppid: 14583;
pid: 14586; ppid: 14585;
pid: 14584; ppid: 14583;
pid: 14587; ppid: 14586;
pid: 14584; ppid: 14583;
pid: 14586; ppid: 14585;
pid: 14584; ppid: 14583;
pid: 14587; ppid: 14586;
pid: 14586; ppid: 14585;
pid: 14584; ppid: 14583;
pid: 14587; ppid: 14586;
pid: 14586; ppid: 14585;
pid: 14584; ppid: 14583;
pid: 14587; ppid: 14586;
pid: 14586; ppid: 14585;
pid: 14587; ppid: 14586;
pid: 14584; ppid: 14583;
pid: 14586; ppid: 14585;
pid: 14587; ppid: 14586;
pid: 14586; ppid: 14585;
pid: 14587; ppid: 14586;
pid: 14586; ppid: 14585;
pid: 14587; ppid: 14586;
pid: 14586; ppid: 14585;
pid: 14587; ppid: 14586;
pid: 14586; ppid: 14585;
pid: 14587; ppid: 14586;
pid: 14586; ppid: 14585;
pid: 14587; ppid: 14586;
pid: 14586; ppid: 14585;
pid: 14587; ppid: 14586;
pid: 14587; ppid: 14586;
pid: 14586; ppid: 14585;
pid: 14587; ppid: 14586;
pid: 14587; ppid: 14586;
pid: 14586; ppid: 14585;
pid: 14587; ppid: 14586;
pid: 14587; ppid: 14586;
pid: 14586; ppid: 14585;
pid: 14587; ppid: 14586;
pid: 14586; ppid: 14585;
pid: 14587; ppid: 14586;
pid: 14586; ppid: 14585;
pid: 14587; ppid: 14586;
pid: 14586; ppid: 14585;
pid: 14587; ppid: 14586;
pid: 14586; ppid: 14585;
pid: 14587; ppid: 14586;
pid: 14586; ppid: 14585;
pid: 14587; ppid: 14586;
pid: 14586; ppid: 14585;
pid: 14587; ppid: 14586;
pid: 14586; ppid: 14585;
pid: 14587; ppid: 14586;
pid: 14586; ppid: 14585;
pid: 14587; ppid: 14586;
pid: 14586; ppid: 14585;
pid: 14587; ppid: 14586;
pid: 14586; ppid: 14585;
pid: 14587; ppid: 14586;
pid: 14586; ppid: 14585;
pid: 14587; ppid: 14586;
pid: 14586; ppid: 14585;
pid: 14587; ppid: 14586;
pid: 14586; ppid: 14585;
pid: 14587; ppid: 14586;
pid: 14586; ppid: 14585;
pid: 14587; ppid: 14586;
pid: 14587; ppid: 14586;
pid: 14586; ppid: 14585;
pid: 14587; ppid: 14586;
pid: 14587; ppid: 14586;
pid: 14587; ppid: 14586;
pid: 14586; ppid: 14585;
pid: 14587; ppid: 14586;
pid: 14587; ppid: 14586;
pid: 14586; ppid: 14585;
pid: 14587; ppid: 14586;
pid: 14586; ppid: 14585;
pid: 14587; ppid: 14586;
pid: 14586; ppid: 14585;
pid: 14587; ppid: 14586;
pid: 14587; ppid: 14586;
pid: 14587; ppid: 14586;
pid: 14587; ppid: 14586;
pid: 14587; ppid: 14586;
pid: 14587; ppid: 14586;
pid: 14587; ppid: 14586;
pid: 14587; ppid: 14586;
pid: 14587; ppid: 14586;
pid: 14587; ppid: 14586;
pid: 14587; ppid: 14586;
pid: 14587; ppid: 14586;
pid: 14587; ppid: 14586;
pid: 14587; ppid: 14586;
pid: 14587; ppid: 14586;
pid: 14587; ppid: 14586;
pid: 14587; ppid: 14586;
pid: 14587; ppid: 14586;
pid: 14587; ppid: 14586;
pid: 14587; ppid: 14586;
pid: 14587; ppid: 14586;
pid: 14587; ppid: 14586;
pid: 14587; ppid: 14586;
pid: 14587; ppid: 14586;
pid: 14587; ppid: 14586;
pid: 14587; ppid: 14586;
pid: 14587; ppid: 14586;
pid: 14587; ppid: 14586;
pid: 14587; ppid: 14586;
pid: 14587; ppid: 14586;
pid: 14587; ppid: 14586;
pid: 14588; ppid: 14587;
pid: 14587; ppid: 14586;
pid: 14588; ppid: 14587;
pid: 14587; ppid: 14586;
pid: 14588; ppid: 14587;
pid: 14588; ppid: 14587;
pid: 14587; ppid: 14586;
pid: 14588; ppid: 14587;
pid: 14587; ppid: 14586;
pid: 14588; ppid: 14587;
pid: 14587; ppid: 14586;
pid: 14588; ppid: 14587;
pid: 14587; ppid: 14586;
pid: 14588; ppid: 14587;
pid: 14587; ppid: 14586;
pid: 14588; ppid: 14587;
pid: 14587; ppid: 14586;
pid: 14588; ppid: 14587;
pid: 14588; ppid: 14587;
pid: 14587; ppid: 14586;
pid: 14588; ppid: 14587;
pid: 14587; ppid: 14586;
pid: 14588; ppid: 14587;
pid: 14587; ppid: 14586;
pid: 14588; ppid: 14587;
pid: 14587; ppid: 14586;
pid: 14588; ppid: 14587;
pid: 14587; ppid: 14586;
pid: 14588; ppid: 14587;
pid: 14587; ppid: 14586;
pid: 14588; ppid: 14587;
pid: 14587; ppid: 14586;
pid: 14588; ppid: 14587;
pid: 14587; ppid: 14586;
pid: 14588; ppid: 14587;
pid: 14587; ppid: 14586;
pid: 14588; ppid: 14587;
pid: 14587; ppid: 14586;
pid: 14588; ppid: 14587;
pid: 14587; ppid: 14586;
pid: 14588; ppid: 14587;
pid: 14587; ppid: 14586;
pid: 14588; ppid: 14587;
pid: 14587; ppid: 14586;
pid: 14588; ppid: 14587;
pid: 14587; ppid: 14586;
pid: 14588; ppid: 14587;
pid: 14587; ppid: 14586;
pid: 14588; ppid: 14587;
pid: 14587; ppid: 14586;
pid: 14588; ppid: 14587;
pid: 14588; ppid: 14587;
pid: 14588; ppid: 14587;
pid: 14588; ppid: 14587;
pid: 14588; ppid: 14587;
pid: 14588; ppid: 14587;
pid: 14588; ppid: 14587;
pid: 14588; ppid: 14587;
pid: 14588; ppid: 14587;
pid: 14588; ppid: 14587;
pid: 14588; ppid: 14587;
pid: 14588; ppid: 14587;
pid: 14588; ppid: 14587;
pid: 14588; ppid: 14587;
pid: 14588; ppid: 14587;
pid: 14588; ppid: 14587;
pid: 14588; ppid: 14587;
pid: 14588; ppid: 14587;
pid: 14588; ppid: 14587;
pid: 14588; ppid: 14587;
pid: 14588; ppid: 14587;
pid: 14588; ppid: 14587;
pid: 14588; ppid: 14587;
pid: 14588; ppid: 14587;
pid: 14588; ppid: 14587;
pid: 14588; ppid: 14587;
pid: 14588; ppid: 14587;
pid: 14588; ppid: 14587;
pid: 14588; ppid: 14587;
pid: 14589; ppid: 14588;
pid: 14588; ppid: 14587;
pid: 14588; ppid: 14587;
pid: 14589; ppid: 14588;
pid: 14588; ppid: 14587;
pid: 14589; ppid: 14588;
pid: 14588; ppid: 14587;
pid: 14589; ppid: 14588;
pid: 14588; ppid: 14587;
pid: 14589; ppid: 14588;
pid: 14588; ppid: 14587;
pid: 14589; ppid: 14588;
pid: 14588; ppid: 14587;
pid: 14589; ppid: 14588;
pid: 14588; ppid: 14587;
pid: 14589; ppid: 14588;
pid: 14588; ppid: 14587;
pid: 14589; ppid: 14588;
pid: 14588; ppid: 14587;
pid: 14589; ppid: 14588;
pid: 14588; ppid: 14587;
pid: 14589; ppid: 14588;
pid: 14588; ppid: 14587;
pid: 14589; ppid: 14588;
pid: 14588; ppid: 14587;
pid: 14589; ppid: 14588;
pid: 14588; ppid: 14587;
pid: 14589; ppid: 14588;
pid: 14588; ppid: 14587;
pid: 14589; ppid: 14588;
pid: 14588; ppid: 14587;
pid: 14589; ppid: 14588;
pid: 14588; ppid: 14587;
pid: 14589; ppid: 14588;
pid: 14588; ppid: 14587;
pid: 14589; ppid: 14588;
pid: 14588; ppid: 14587;
pid: 14589; ppid: 14588;
pid: 14588; ppid: 14587;
pid: 14589; ppid: 14588;
pid: 14588; ppid: 14587;
pid: 14589; ppid: 14588;
pid: 14588; ppid: 14587;
pid: 14589; ppid: 14588;
pid: 14588; ppid: 14587;
pid: 14589; ppid: 14588;
pid: 14588; ppid: 14587;
pid: 14589; ppid: 14588;
pid: 14588; ppid: 14587;
pid: 14589; ppid: 14588;
pid: 14588; ppid: 14587;
pid: 14589; ppid: 14588;
pid: 14588; ppid: 14587;
pid: 14589; ppid: 14588;
pid: 14588; ppid: 14587;
pid: 14589; ppid: 14588;
pid: 14588; ppid: 14587;
pid: 14589; ppid: 14588;
pid: 14588; ppid: 14587;
pid: 14589; ppid: 14588;
pid: 14588; ppid: 14587;
pid: 14589; ppid: 14588;
pid: 14588; ppid: 14587;
pid: 14589; ppid: 14588;
pid: 14588; ppid: 14587;
pid: 14589; ppid: 14588;
pid: 14588; ppid: 14587;
pid: 14589; ppid: 14588;
pid: 14588; ppid: 14587;
pid: 14589; ppid: 14588;
pid: 14588; ppid: 14587;
pid: 14589; ppid: 14588;
pid: 14588; ppid: 14587;
pid: 14589; ppid: 14588;
pid: 14588; ppid: 14587;
pid: 14589; ppid: 14588;
pid: 14588; ppid: 14587;
pid: 14589; ppid: 14588;
pid: 14588; ppid: 14587;
pid: 14589; ppid: 14588;
pid: 14588; ppid: 14587;
pid: 14589; ppid: 14588;
pid: 14588; ppid: 14587;
pid: 14589; ppid: 14588;
pid: 14588; ppid: 14587;
pid: 14589; ppid: 14588;
pid: 14588; ppid: 14587;
pid: 14589; ppid: 14588;
pid: 14588; ppid: 14587;
pid: 14589; ppid: 14588;
pid: 14589; ppid: 14588;
pid: 14589; ppid: 14588;
pid: 14589; ppid: 14588;
pid: 14589; ppid: 14588;
pid: 14589; ppid: 14588;
pid: 14589; ppid: 14588;
pid: 14589; ppid: 14588;
pid: 14589; ppid: 14588;
pid: 14589; ppid: 14588;
pid: 14590; ppid: 14589;
pid: 14589; ppid: 14588;
pid: 14590; ppid: 14589;
pid: 14589; ppid: 14588;
pid: 14590; ppid: 14589;
pid: 14589; ppid: 14588;
pid: 14590; ppid: 14589;
pid: 14589; ppid: 14588;
pid: 14590; ppid: 14589;
pid: 14589; ppid: 14588;
pid: 14590; ppid: 14589;
pid: 14589; ppid: 14588;
pid: 14590; ppid: 14589;
pid: 14589; ppid: 14588;
pid: 14589; ppid: 14588;
pid: 14590; ppid: 14589;
pid: 14589; ppid: 14588;
pid: 14590; ppid: 14589;
pid: 14589; ppid: 14588;
pid: 14590; ppid: 14589;
pid: 14589; ppid: 14588;
pid: 14590; ppid: 14589;
pid: 14589; ppid: 14588;
pid: 14590; ppid: 14589;
pid: 14589; ppid: 14588;
pid: 14590; ppid: 14589;
pid: 14589; ppid: 14588;
pid: 14590; ppid: 14589;
pid: 14589; ppid: 14588;
pid: 14590; ppid: 14589;
pid: 14589; ppid: 14588;
pid: 14590; ppid: 14589;
pid: 14589; ppid: 14588;
pid: 14590; ppid: 14589;
pid: 14590; ppid: 14589;
pid: 14590; ppid: 14589;
pid: 14589; ppid: 14588;
pid: 14590; ppid: 14589;
pid: 14589; ppid: 14588;
pid: 14590; ppid: 14589;
pid: 14590; ppid: 14589;
pid: 14589; ppid: 14588;
pid: 14590; ppid: 14589;
pid: 14589; ppid: 14588;
pid: 14590; ppid: 14589;
pid: 14590; ppid: 14589;
pid: 14589; ppid: 14588;
pid: 14590; ppid: 14589;
pid: 14589; ppid: 14588;
pid: 14590; ppid: 14589;
pid: 14590; ppid: 14589;
pid: 14590; ppid: 14589;
pid: 14589; ppid: 14588;
pid: 14590; ppid: 14589;
pid: 14590; ppid: 14589;
pid: 14589; ppid: 14588;
pid: 14590; ppid: 14589;
pid: 14589; ppid: 14588;
pid: 14590; ppid: 14589;
pid: 14589; ppid: 14588;
pid: 14590; ppid: 14589;
pid: 14589; ppid: 14588;
pid: 14590; ppid: 14589;
pid: 14589; ppid: 14588;
pid: 14590; ppid: 14589;
pid: 14590; ppid: 14589;
pid: 14589; ppid: 14588;
pid: 14590; ppid: 14589;
pid: 14589; ppid: 14588;
pid: 14590; ppid: 14589;
pid: 14589; ppid: 14588;
pid: 14590; ppid: 14589;
pid: 14589; ppid: 14588;
pid: 14590; ppid: 14589;
pid: 14589; ppid: 14588;
pid: 14590; ppid: 14589;
pid: 14589; ppid: 14588;
pid: 14590; ppid: 14589;
pid: 14589; ppid: 14588;
pid: 14590; ppid: 14589;
pid: 14589; ppid: 14588;
pid: 14589; ppid: 14588;
pid: 14590; ppid: 14589;
pid: 14589; ppid: 14588;
pid: 14590; ppid: 14589;
pid: 14589; ppid: 14588;
pid: 14590; ppid: 14589;
pid: 14589; ppid: 14588;
pid: 14590; ppid: 14589;
pid: 14589; ppid: 14588;
pid: 14590; ppid: 14589;
pid: 14589; ppid: 14588;
pid: 14590; ppid: 14589;
pid: 14589; ppid: 14588;
pid: 14590; ppid: 14589;
pid: 14589; ppid: 14588;
pid: 14590; ppid: 14589;
pid: 14589; ppid: 14588;
pid: 14590; ppid: 14589;
pid: 14590; ppid: 14589;
pid: 14590; ppid: 14589;
pid: 14590; ppid: 14589;
pid: 14590; ppid: 14589;
pid: 14590; ppid: 14589;
pid: 14590; ppid: 14589;
pid: 14590; ppid: 14589;
pid: 14590; ppid: 14589;
pid: 14590; ppid: 14589;
pid: 14590; ppid: 14589;
pid: 14590; ppid: 14589;
pid: 14590; ppid: 14589;
pid: 14590; ppid: 14589;
pid: 14590; ppid: 14589;
pid: 14590; ppid: 14589;
pid: 14590; ppid: 14589;
pid: 14590; ppid: 14589;
pid: 14590; ppid: 14589;
pid: 14590; ppid: 14589;
pid: 14590; ppid: 14589;
pid: 14590; ppid: 14589;
pid: 14590; ppid: 14589;
pid: 14590; ppid: 14589;
pid: 14590; ppid: 14589;
pid: 14590; ppid: 14589;
pid: 14590; ppid: 14589;
pid: 14590; ppid: 14589;
pid: 14590; ppid: 14589;
pid: 14590; ppid: 14589;
pid: 14590; ppid: 14589;
pid: 14590; ppid: 14589;
pid: 14590; ppid: 14589;
pid: 14590; ppid: 14589;
pid: 14590; ppid: 14589;
pid: 14590; ppid: 14589;
pid: 14590; ppid: 14589;
pid: 14590; ppid: 14589;
pid: 14590; ppid: 14589;
pid: 14590; ppid: 14589;
pid: 14590; ppid: 14589;
pid: 14590; ppid: 14589;
pid: 14590; ppid: 14589;
pid: 14590; ppid: 14589;
pid: 14590; ppid: 14589;
pid: 14590; ppid: 14589;
pid: 14590; ppid: 14589;
pid: 14590; ppid: 14589;
